,Date,Visitor,Visitor Score,Home Team,Home Score,Line,Total Line,season,favoredHomeGame,divisionGame,homeWin,favoredWin,gameWeek,homeRecord,visitorRecord,favoredRecord,underdogRecord,prevFavoredRecord,prevUnderdogRecord,absLine,predict_proba,predict_proba_abs,decision_fxn,predictWin,lineGuess,probaGuess,probaAbsGuess,lineScore,probaScore1,probaScore2,probaScore3
8181,09/08/2013,Miami Dolphins,23,Cleveland Browns,10,2.5,40.5,2013,1,0,0,0,1,0.0,0.0,0.0,0.0,0.3125,0.4375,2.5,0.560524675491,0.0605246754906,0.243291694524,0,1.0,5.0,4.0,0.0,0.0,0.0,0.0
8180,09/08/2013,Cincinnati Bengals,21,Chicago Bears,24,3.0,42.0,2013,1,0,1,1,1,0.0,0.0,0.0,0.0,0.625,0.625,3.0,0.611757988645,0.111757988645,0.45470787513,1,2.0,6.0,6.0,2.0,6.0,6.0,6.0
8182,09/08/2013,Seattle Seahawks,12,Carolina Panthers,7,-3.5,45.0,2013,0,0,0,1,1,0.0,0.0,0.0,0.0,0.6875,0.4375,3.5,0.453621194962,0.0463788050382,-0.186050039883,0,3.0,2.0,3.0,3.0,2.0,0.0,0.0
8187,09/08/2013,New York Giants,31,Dallas Cowboys,36,3.5,50.0,2013,1,1,1,1,1,0.0,0.0,0.0,0.0,0.5,0.5625,3.5,0.668011814894,0.168011814894,0.699206479094,1,4.0,10.0,10.0,4.0,10.0,10.0,10.0
8177,09/08/2013,Atlanta Falcons,17,New Orleans Saints,23,3.5,56.0,2013,1,1,1,1,1,0.0,0.0,0.0,0.0,0.4375,0.8125,3.5,0.706237176127,0.206237176127,0.877178404357,1,5.0,14.0,14.0,5.0,14.0,14.0,14.0
8185,09/08/2013,Arizona Cardinals,24,St Louis Rams,27,3.5,41.5,2013,1,1,1,1,1,0.0,0.0,0.0,0.0,0.4375,0.3125,3.5,0.625230081096,0.125230081096,0.511807423664,1,6.0,7.0,7.0,6.0,7.0,7.0,7.0
8183,09/08/2013,Minnesota Vikings,24,Detroit Lions,34,4.5,47.5,2013,1,1,1,1,1,0.0,0.0,0.0,0.0,0.25,0.625,4.5,0.695866708328,0.195866708328,0.827692066213,1,7.0,13.0,13.0,7.0,13.0,13.0,13.0
8179,09/08/2013,Kansas City Chiefs,28,Jacksonville Jaguars,2,-4.5,43.0,2013,0,0,0,1,1,0.0,0.0,0.0,0.0,0.125,0.125,4.5,0.412131571849,0.0878684281513,-0.355160513697,0,8.0,1.0,5.0,8.0,1.0,0.0,0.0
8188,09/09/2013,Philadelphia Eagles,33,Washington Redskins,27,4.5,53.5,2013,1,1,0,0,1,0.0,0.0,0.0,0.0,0.625,0.25,4.5,0.641514878774,0.141514878774,0.581945221191,0,9.0,9.0,9.0,0.0,0.0,0.0,0.0
8186,09/08/2013,Green Bay Packers,28,San Francisco 49ers,34,5.0,48.5,2013,1,0,1,1,1,0.0,0.0,0.0,0.0,0.6875,0.6875,5.0,0.670054101937,0.170054101937,0.708429762528,1,10.0,11.0,11.0,10.0,11.0,11.0,11.0
8178,09/08/2013,Tampa Bay Buccaneers,17,New York Jets,18,-6.0,39.0,2013,0,0,1,0,1,0.0,0.0,0.0,0.0,0.4375,0.375,6.0,0.500898877622,0.000898877621548,0.00359551435967,0,11.0,3.0,1.0,0.0,0.0,0.0,0.0
8176,09/08/2013,Tennessee Titans,16,Pittsburgh Steelers,9,6.0,42.0,2013,1,0,0,0,1,0.0,0.0,0.0,0.0,0.5,0.375,6.0,0.638209360278,0.138209360278,0.56760067921,0,12.0,8.0,8.0,0.0,0.0,0.0,0.0
8189,09/09/2013,Houston Texans,31,San Diego Chargers,28,-6.5,45.5,2013,0,0,0,1,1,0.0,0.0,0.0,0.0,0.75,0.4375,6.5,0.530877893577,0.0308778935769,0.123668949793,1,13.0,4.0,2.0,13.0,4.0,4.0,2.0
8174,09/05/2013,Baltimore Ravens,27,Denver Broncos,49,7.5,49.5,2013,1,0,1,1,1,0.0,0.0,0.0,0.0,0.8125,0.625,7.5,0.716335556172,0.216335556172,0.926356707267,1,14.0,15.0,15.0,14.0,15.0,15.0,15.0
8175,09/08/2013,New England Patriots,23,Buffalo Bills,21,-10.5,51.5,2013,0,1,0,1,1,0.0,0.0,0.0,0.0,0.75,0.375,10.5,0.675558463248,0.175558463248,0.733434345947,1,15.0,12.0,12.0,15.0,12.0,12.0,12.0
8184,09/08/2013,Oakland Raiders,17,Indianapolis Colts,21,11.5,45.5,2013,1,0,1,1,1,0.0,0.0,0.0,0.0,0.6875,0.25,11.5,0.740693325461,0.240693325461,1.04957524104,1,16.0,16.0,16.0,16.0,16.0,16.0,16.0
8201,09/15/2013,Detroit Lions,21,Arizona Cardinals,25,-2.0,48.5,2013,0,0,1,0,2,0.0,1.0,1.0,0.0,0.25,0.3125,2.0,0.80798630718,0.30798630718,1.43697842556,0,1.0,10.0,10.0,0.0,0.0,0.0,0.0
8204,09/15/2013,San Francisco 49ers,3,Seattle Seahawks,29,2.5,44.5,2013,1,1,1,1,2,1.0,1.0,1.0,1.0,0.6875,0.6875,2.5,0.742991867557,0.242991867557,1.0615773711,1,2.0,9.0,9.0,2.0,9.0,9.0,9.0
8194,09/15/2013,Miami Dolphins,24,Indianapolis Colts,20,3.0,44.0,2013,1,0,0,0,2,1.0,1.0,1.0,1.0,0.6875,0.4375,3.0,0.663953650661,0.163953650661,0.680963248906,0,3.0,4.0,3.0,0.0,0.0,0.0,0.0
8198,09/15/2013,Dallas Cowboys,16,Kansas City Chiefs,17,3.0,46.0,2013,1,0,1,1,2,1.0,1.0,1.0,1.0,0.125,0.5,3.0,0.664678242292,0.164678242292,0.684212535747,1,4.0,5.0,4.0,4.0,5.0,5.0,4.0
8195,09/15/2013,Carolina Panthers,23,Buffalo Bills,24,-3.5,43.5,2013,0,0,1,0,2,0.0,0.0,0.0,0.0,0.4375,0.375,3.5,0.43456948716,0.0654305128402,-0.263231554286,1,5.0,2.0,2.0,0.0,0.0,2.0,2.0
8203,09/15/2013,Denver Broncos,41,New York Giants,23,-4.0,55.5,2013,0,0,0,1,2,0.0,1.0,1.0,0.0,0.8125,0.5625,4.0,0.865927785945,0.365927785945,1.86542295138,1,6.0,13.0,13.0,6.0,13.0,13.0,13.0
8200,09/15/2013,New Orleans Saints,16,Tampa Bay Buccaneers,14,-4.0,48.5,2013,0,1,0,1,2,0.0,1.0,1.0,0.0,0.4375,0.4375,4.0,0.88022490629,0.38022490629,1.99456168499,1,7.0,14.0,14.0,7.0,14.0,14.0,14.0
8202,09/15/2013,Jacksonville Jaguars,9,Oakland Raiders,19,5.0,40.0,2013,1,0,1,1,2,0.0,0.0,0.0,0.0,0.25,0.125,5.0,0.562603884233,0.0626038842334,0.251736572183,1,8.0,3.0,1.0,8.0,3.0,3.0,1.0
8196,09/15/2013,St Louis Rams,24,Atlanta Falcons,31,5.5,47.5,2013,1,0,1,1,2,0.0,1.0,0.0,1.0,0.8125,0.4375,5.5,0.275286666997,0.224713333003,-0.967963193746,0,9.0,1.0,8.0,9.0,1.0,0.0,0.0
8199,09/15/2013,Minnesota Vikings,30,Chicago Bears,31,6.5,42.0,2013,1,1,1,1,2,1.0,0.0,1.0,0.0,0.625,0.625,6.5,0.950695538329,0.450695538329,2.95917928493,1,10.0,16.0,16.0,10.0,16.0,16.0,16.0
8205,09/16/2013,Pittsburgh Steelers,10,Cincinnati Bengals,20,6.5,41.0,2013,1,1,1,1,2,0.0,0.0,0.0,0.0,0.625,0.5,6.5,0.722182164145,0.222182164145,0.95531177978,1,11.0,8.0,7.0,11.0,8.0,8.0,7.0
8192,09/15/2013,Cleveland Browns,6,Baltimore Ravens,14,7.0,44.0,2013,1,1,1,1,2,0.0,0.0,0.0,0.0,0.625,0.3125,7.0,0.704565032231,0.204565032231,0.869131899452,1,12.0,6.0,5.0,12.0,6.0,6.0,5.0
8191,09/15/2013,San Diego Chargers,33,Philadelphia Eagles,30,7.5,54.0,2013,1,0,0,0,2,1.0,0.0,1.0,0.0,0.25,0.4375,7.5,0.933812829862,0.433812829862,2.64678938225,0,13.0,15.0,15.0,0.0,0.0,0.0,0.0
8197,09/15/2013,Washington Redskins,20,Green Bay Packers,38,8.0,50.0,2013,1,0,1,1,2,0.0,0.0,0.0,0.0,0.6875,0.625,8.0,0.722141263486,0.222141263486,0.955107933048,1,14.0,7.0,6.0,14.0,7.0,7.0,6.0
8193,09/15/2013,Tennessee Titans,24,Houston Texans,30,9.0,43.0,2013,1,1,1,1,2,1.0,1.0,1.0,1.0,0.75,0.375,9.0,0.81739232162,0.31739232162,1.49877915987,1,15.0,11.0,11.0,15.0,11.0,11.0,11.0
8190,09/12/2013,New York Jets,10,New England Patriots,13,11.5,43.5,2013,1,1,1,1,2,1.0,1.0,1.0,1.0,0.75,0.375,11.5,0.852324540677,0.352324540677,1.75295034703,1,16.0,12.0,12.0,16.0,12.0,12.0,12.0
8210,09/22/2013,Houston Texans,9,Baltimore Ravens,30,-1.0,44.5,2013,0,0,1,0,3,0.5,1.0,1.0,0.5,0.75,0.625,1.0,0.693825009213,0.193825009213,0.818062976787,0,1.0,9.0,9.0,0.0,0.0,0.0,0.0
8213,09/22/2013,Detroit Lions,27,Washington Redskins,20,-1.0,49.5,2013,0,0,0,1,3,0.0,0.5,0.5,0.0,0.25,0.625,1.0,0.644453940785,0.144453940785,0.594748552154,1,2.0,6.0,6.0,2.0,6.0,6.0,6.0
8216,09/22/2013,Atlanta Falcons,23,Miami Dolphins,27,2.5,46.0,2013,1,0,1,1,3,1.0,0.5,1.0,0.5,0.4375,0.8125,2.5,0.837983955165,0.337983955165,1.6433035812,1,3.0,12.0,12.0,3.0,12.0,12.0,12.0
8219,09/22/2013,Buffalo Bills,20,New York Jets,27,2.5,41.0,2013,1,1,1,1,3,0.5,0.5,0.5,0.5,0.375,0.375,2.5,0.648258019234,0.148258019234,0.611390897302,1,4.0,8.0,8.0,4.0,8.0,8.0,8.0
8220,09/22/2013,Chicago Bears,40,Pittsburgh Steelers,23,-2.5,41.0,2013,0,0,0,1,3,0.0,1.0,1.0,0.0,0.625,0.5,2.5,0.837596471168,0.337596471168,1.64045228976,1,5.0,11.0,11.0,5.0,11.0,11.0,11.0
8215,09/22/2013,New York Giants,0,Carolina Panthers,38,-3.0,47.0,2013,0,0,1,0,3,0.0,0.0,0.0,0.0,0.5625,0.4375,3.0,0.432508652534,0.0674913474657,-0.271623170452,1,6.0,2.0,2.0,0.0,0.0,2.0,2.0
8214,09/22/2013,Green Bay Packers,30,Cincinnati Bengals,34,-3.0,50.5,2013,0,0,1,0,3,0.5,0.5,0.5,0.5,0.6875,0.625,3.0,0.515101400967,0.0151014009667,0.0604239814432,0,7.0,3.0,1.0,0.0,0.0,0.0,0.0
8207,09/22/2013,San Diego Chargers,17,Tennessee Titans,20,3.0,43.5,2013,1,0,1,1,3,0.5,0.5,0.5,0.5,0.375,0.4375,3.0,0.612808630888,0.112808630888,0.459133638037,1,8.0,4.0,3.0,8.0,4.0,4.0,3.0
8211,09/22/2013,St Louis Rams,7,Dallas Cowboys,31,3.5,47.0,2013,1,0,1,1,3,0.5,0.5,0.5,0.5,0.5,0.4375,3.5,0.627006287517,0.127006287517,0.519395005635,1,9.0,5.0,5.0,9.0,5.0,5.0,5.0
8206,09/19/2013,Kansas City Chiefs,26,Philadelphia Eagles,16,3.5,51.0,2013,1,0,0,0,3,0.5,1.0,0.5,1.0,0.25,0.125,3.5,0.377899682042,0.122100317958,-0.498472593649,1,10.0,1.0,4.0,0.0,0.0,1.0,4.0
8208,09/22/2013,Cleveland Browns,31,Minnesota Vikings,27,7.0,40.5,2013,1,0,0,0,3,0.0,0.0,0.0,0.0,0.625,0.3125,7.0,0.647418964059,0.147418964059,0.607713148682,0,11.0,7.0,7.0,0.0,0.0,0.0,0.0
8209,09/22/2013,Tampa Bay Buccaneers,3,New England Patriots,23,7.5,45.0,2013,1,0,1,1,3,1.0,0.0,1.0,0.0,0.75,0.4375,7.5,0.935344517288,0.435344517288,2.67184202143,1,12.0,14.0,14.0,12.0,14.0,14.0,14.0
8212,09/22/2013,Arizona Cardinals,7,New Orleans Saints,31,7.5,49.5,2013,1,0,1,1,3,1.0,0.5,1.0,0.5,0.4375,0.3125,7.5,0.85646997007,0.35646997007,1.78627497482,1,13.0,13.0,13.0,13.0,13.0,13.0,13.0
8217,09/22/2013,Indianapolis Colts,27,San Francisco 49ers,7,10.0,47.0,2013,1,0,0,0,3,0.5,0.5,0.5,0.5,0.6875,0.6875,10.0,0.798519418304,0.298519418304,1.37706627785,0,14.0,10.0,10.0,0.0,0.0,0.0,0.0
8221,09/23/2013,Oakland Raiders,21,Denver Broncos,37,16.5,50.0,2013,1,1,1,1,3,1.0,0.5,1.0,0.5,0.8125,0.25,16.5,0.949437722106,0.449437722106,2.9326641358,1,15.0,15.0,15.0,15.0,15.0,15.0,15.0
8218,09/22/2013,Jacksonville Jaguars,17,Seattle Seahawks,45,20.0,39.5,2013,1,0,1,1,3,1.0,0.0,1.0,0.0,0.6875,0.125,20.0,0.976098622349,0.476098622349,3.70962752922,1,16.0,16.0,16.0,16.0,16.0,16.0,16.0
8232,09/29/2013,Dallas Cowboys,21,San Diego Chargers,30,-1.5,48.0,2013,0,0,1,0,4,0.333333333333,0.666666666667,0.666666666667,0.333333333333,0.5,0.4375,1.5,0.579263371141,0.0792633711411,0.319750193323,0,2.0,7.0,4.0,0.0,0.0,0.0,0.0
8227,09/29/2013,Seattle Seahawks,23,Houston Texans,20,-2.0,41.0,2013,0,0,0,1,4,0.666666666667,1.0,1.0,0.666666666667,0.6875,0.75,2.0,0.676299924386,0.176299924386,0.736819258249,1,3.0,11.0,10.0,3.0,11.0,11.0,10.0
8229,09/29/2013,Chicago Bears,32,Detroit Lions,40,2.5,49.5,2013,1,1,1,1,4,0.666666666667,1.0,0.666666666667,1.0,0.25,0.625,2.5,0.579346435878,0.0793464358784,0.32009102664,1,4.0,8.0,5.0,4.0,8.0,8.0,5.0
8228,09/29/2013,Arizona Cardinals,13,Tampa Bay Buccaneers,10,2.5,40.0,2013,1,0,0,0,4,0.0,0.333333333333,0.0,0.333333333333,0.4375,0.3125,2.5,0.403630027471,0.0963699725291,-0.390362548953,1,5.0,3.0,7.0,0.0,0.0,3.0,7.0
8235,09/29/2013,New England Patriots,30,Atlanta Falcons,23,3.0,50.0,2013,1,0,0,0,4,0.333333333333,1.0,0.333333333333,1.0,0.8125,0.75,3.0,0.405745629094,0.0942543709056,-0.381581027618,1,6.0,4.0,6.0,0.0,0.0,4.0,6.0
8223,09/29/2013,Pittsburgh Steelers,27,Minnesota Vikings,34,-3.0,42.5,2013,0,0,1,0,4,0.0,0.0,0.0,0.0,0.5,0.625,3.0,0.462078338287,0.0379216617127,-0.15197849926,1,7.0,5.0,2.0,0.0,0.0,5.0,2.0
8231,09/29/2013,New York Jets,13,Tennessee Titans,38,3.5,40.5,2013,1,0,1,1,4,0.666666666667,0.666666666667,0.666666666667,0.666666666667,0.375,0.375,3.5,0.625628765018,0.125628765018,0.513509256053,1,8.0,9.0,8.0,8.0,9.0,9.0,8.0
8224,09/29/2013,Baltimore Ravens,20,Buffalo Bills,23,-4.0,45.0,2013,0,0,1,0,4,0.333333333333,0.666666666667,0.666666666667,0.333333333333,0.625,0.375,4.0,0.631271895593,0.131271895593,0.537677138062,0,9.0,10.0,9.0,0.0,0.0,0.0,0.0
8233,09/29/2013,Washington Redskins,24,Oakland Raiders,14,-4.0,46.0,2013,0,0,0,1,4,0.333333333333,0.0,0.0,0.333333333333,0.625,0.25,4.0,0.303923802379,0.196076197621,-0.828682113763,0,10.0,2.0,12.0,10.0,2.0,0.0,0.0
8222,09/26/2013,San Francisco 49ers,35,St Louis Rams,11,-4.0,43.5,2013,0,1,0,1,4,0.333333333333,0.333333333333,0.333333333333,0.333333333333,0.6875,0.4375,4.0,0.549664861429,0.0496648614285,0.199316691689,1,11.0,6.0,3.0,11.0,6.0,6.0,3.0
8225,09/29/2013,Cincinnati Bengals,6,Cleveland Browns,17,-4.5,42.5,2013,0,1,1,0,4,0.333333333333,0.666666666667,0.666666666667,0.333333333333,0.625,0.3125,4.5,0.688175394663,0.188175394663,0.791602872191,0,12.0,12.0,11.0,0.0,0.0,0.0,0.0
8230,09/29/2013,New York Giants,7,Kansas City Chiefs,31,4.5,44.0,2013,1,0,1,1,4,1.0,0.0,1.0,0.0,0.125,0.5625,4.5,0.916704283293,0.416704283293,2.3983878097,1,13.0,15.0,15.0,13.0,15.0,15.0,15.0
8236,09/30/2013,Miami Dolphins,17,New Orleans Saints,38,7.5,49.0,2013,1,0,1,1,4,1.0,1.0,1.0,1.0,0.4375,0.4375,7.5,0.749191582143,0.249191582143,1.09430536249,1,14.0,13.0,13.0,14.0,13.0,13.0,13.0
8226,09/29/2013,Indianapolis Colts,37,Jacksonville Jaguars,3,-9.5,42.5,2013,0,1,0,1,4,0.0,0.666666666667,0.666666666667,0.0,0.6875,0.125,9.5,0.843091899208,0.343091899208,1.68141567785,1,15.0,14.0,14.0,15.0,14.0,14.0,14.0
8234,09/29/2013,Philadelphia Eagles,20,Denver Broncos,52,11.5,59.0,2013,1,0,1,1,4,1.0,0.333333333333,1.0,0.333333333333,0.8125,0.25,11.5,0.91832388256,0.41832388256,2.41978850271,1,16.0,16.0,16.0,16.0,16.0,16.0,16.0
8241,10/06/2013,New England Patriots,6,Cincinnati Bengals,13,-1.0,45.5,2013,0,0,1,0,5,0.5,1.0,1.0,0.5,0.75,0.625,1.0,0.688421764051,0.188421764051,0.792751213816,0,3.0,11.0,11.0,0.0,0.0,0.0,0.0
8244,10/06/2013,New Orleans Saints,26,Chicago Bears,18,-1.5,51.5,2013,0,0,0,1,5,0.75,1.0,1.0,0.75,0.4375,0.625,1.5,0.606992893217,0.106992893217,0.434689387823,1,4.0,6.0,5.0,4.0,6.0,6.0,5.0
8245,10/06/2013,Philadelphia Eagles,36,New York Giants,21,1.5,54.0,2013,1,1,0,0,5,0.0,0.25,0.0,0.25,0.5625,0.25,1.5,0.459159806514,0.0408401934863,-0.163725532437,1,5.0,4.0,3.0,0.0,0.0,4.0,3.0
8239,10/06/2013,Baltimore Ravens,26,Miami Dolphins,23,2.5,43.0,2013,1,0,0,0,5,0.75,0.5,0.75,0.5,0.4375,0.625,2.5,0.731617868328,0.231617868328,1.00284651047,0,6.0,14.0,14.0,0.0,0.0,0.0,0.0
8246,10/06/2013,Carolina Panthers,6,Arizona Cardinals,22,-3.0,42.5,2013,0,0,1,0,5,0.5,0.25,0.25,0.5,0.4375,0.3125,3.0,0.333981889472,0.166018110528,-0.690230094787,1,7.0,3.0,9.0,0.0,0.0,3.0,9.0
8242,10/06/2013,Seattle Seahawks,28,Indianapolis Colts,34,-3.0,44.0,2013,0,0,1,0,5,0.75,1.0,1.0,0.75,0.6875,0.6875,3.0,0.657397445423,0.157397445423,0.651717733038,0,8.0,9.0,8.0,0.0,0.0,0.0,0.0
8238,10/06/2013,Kansas City Chiefs,26,Tennessee Titans,17,-3.0,38.5,2013,0,0,0,1,5,0.75,1.0,1.0,0.75,0.125,0.375,3.0,0.594099506338,0.0940995063376,0.380938784359,1,9.0,5.0,4.0,9.0,5.0,5.0,4.0
8237,10/03/2013,Buffalo Bills,24,Cleveland Browns,37,4.0,41.0,2013,1,0,1,1,5,0.5,0.5,0.5,0.5,0.3125,0.375,4.0,0.61895271662,0.11895271662,0.48510541226,1,10.0,7.0,6.0,10.0,7.0,7.0,6.0
8249,10/06/2013,Houston Texans,3,San Francisco 49ers,34,4.5,44.0,2013,1,0,1,1,5,0.5,0.5,0.5,0.5,0.6875,0.75,4.5,0.698096365166,0.198096365166,0.838249275709,1,11.0,12.0,12.0,11.0,12.0,12.0,12.0
8247,10/06/2013,San Diego Chargers,17,Oakland Raiders,27,-5.0,47.0,2013,0,1,1,0,5,0.25,0.5,0.5,0.25,0.4375,0.25,5.0,0.640988657634,0.140988657634,0.579657779643,0,12.0,8.0,7.0,0.0,0.0,0.0,0.0
8248,10/06/2013,Denver Broncos,51,Dallas Cowboys,48,-9.0,57.5,2013,0,0,0,1,5,0.5,1.0,1.0,0.5,0.8125,0.5,9.0,0.820460397487,0.320460397487,1.51946983264,1,13.0,16.0,16.0,13.0,16.0,16.0,16.0
8243,10/06/2013,Detroit Lions,9,Green Bay Packers,22,9.5,55.0,2013,1,1,1,1,5,0.5,0.75,0.5,0.75,0.6875,0.25,9.5,0.699444769324,0.199444769324,0.844655300611,1,14.0,13.0,13.0,14.0,13.0,13.0,13.0
8250,10/07/2013,New York Jets,30,Atlanta Falcons,28,10.5,45.0,2013,1,0,0,0,5,0.25,0.5,0.25,0.5,0.8125,0.375,10.5,0.669412221635,0.169412221635,0.705527829546,0,15.0,10.0,10.0,0.0,0.0,0.0,0.0
8240,10/06/2013,Jacksonville Jaguars,20,St Louis Rams,34,11.0,41.0,2013,1,0,1,1,5,0.25,0.0,0.25,0.0,0.4375,0.125,11.0,0.788524055953,0.288524055953,1.31605166215,1,16.0,15.0,15.0,16.0,15.0,15.0,15.0
8265,10/14/2013,Indianapolis Colts,9,San Diego Chargers,19,0.0,50.5,2013,0,0,1,0,6,0.4,0.8,0.8,0.4,0.6875,0.4375,0.0,0.576476486498,0.0764764864977,0.308325517832,0,2.0,7.0,6.0,0.0,0.0,0.0,0.0
8258,10/13/2013,Pittsburgh Steelers,19,New York Jets,6,-1.5,41.0,2013,0,0,0,1,6,0.6,0.2,0.2,0.6,0.5,0.375,1.5,0.258311852254,0.241688147746,-1.0547612841,0,3.0,2.0,10.0,3.0,2.0,0.0,0.0
8254,10/13/2013,Green Bay Packers,19,Baltimore Ravens,17,-2.0,48.0,2013,0,0,0,1,6,0.6,0.6,0.6,0.6,0.6875,0.625,2.0,0.489478814004,0.0105211859964,-0.0420909570839,0,4.0,4.0,3.0,4.0,4.0,0.0,0.0
8255,10/13/2013,Detroit Lions,31,Cleveland Browns,17,-2.5,43.5,2013,0,0,0,1,6,0.6,0.6,0.6,0.6,0.25,0.3125,2.5,0.437181553447,0.0628184465533,-0.252608538165,0,5.0,3.0,5.0,5.0,3.0,0.0,0.0
8256,10/13/2013,Carolina Panthers,35,Minnesota Vikings,10,2.5,44.5,2013,1,0,0,0,6,0.2,0.4,0.2,0.4,0.625,0.4375,2.5,0.49239055849,0.00760944151042,-0.0304401163099,1,6.0,5.0,2.0,0.0,0.0,5.0,2.0
8263,10/13/2013,New Orleans Saints,27,New England Patriots,30,2.5,50.0,2013,1,0,1,1,6,0.8,1.0,0.8,1.0,0.75,0.4375,2.5,0.550258228786,0.050258228786,0.201714098619,1,7.0,6.0,4.0,7.0,6.0,6.0,4.0
8253,10/13/2013,Philadelphia Eagles,31,Tampa Bay Buccaneers,20,-3.0,44.0,2013,0,0,0,1,6,0.0,0.4,0.4,0.0,0.25,0.4375,3.0,0.606315646348,0.106315646348,0.431851263668,1,8.0,8.0,7.0,8.0,8.0,8.0,7.0
8264,10/13/2013,Washington Redskins,16,Dallas Cowboys,31,5.5,51.5,2013,1,1,1,1,6,0.4,0.2,0.4,0.2,0.5,0.625,5.5,0.79276652589,0.29276652589,1.34168270756,1,9.0,11.0,11.0,9.0,11.0,11.0,11.0
8259,10/13/2013,Cincinnati Bengals,27,Buffalo Bills,24,-6.0,41.0,2013,0,0,0,1,6,0.4,0.6,0.6,0.4,0.625,0.375,6.0,0.619033153643,0.119033153643,0.485446477351,1,10.0,9.0,8.0,10.0,9.0,9.0,8.0
8252,10/13/2013,Oakland Raiders,7,Kansas City Chiefs,24,7.5,41.5,2013,1,1,1,1,6,1.0,0.4,1.0,0.4,0.125,0.25,7.5,0.889137608413,0.389137608413,2.08196229685,1,11.0,15.0,15.0,11.0,15.0,15.0,15.0
8251,10/10/2013,New York Giants,21,Chicago Bears,27,8.5,48.0,2013,1,0,1,1,6,0.6,0.0,0.6,0.0,0.625,0.5625,8.5,0.886194798659,0.386194798659,2.05244856285,1,12.0,14.0,14.0,12.0,14.0,14.0,14.0
8257,10/13/2013,St Louis Rams,38,Houston Texans,13,9.0,42.5,2013,1,0,0,0,6,0.4,0.4,0.4,0.4,0.75,0.4375,9.0,0.7354275789,0.2354275789,1.02233705247,0,13.0,10.0,9.0,0.0,0.0,0.0,0.0
8262,10/13/2013,Arizona Cardinals,20,San Francisco 49ers,32,10.5,41.0,2013,1,1,1,1,6,0.6,0.6,0.6,0.6,0.6875,0.3125,10.5,0.802467572505,0.302467572505,1.40178868538,1,14.0,12.0,12.0,14.0,12.0,12.0,12.0
8260,10/13/2013,Tennessee Titans,13,Seattle Seahawks,20,11.5,41.5,2013,1,0,1,1,6,0.8,0.6,0.8,0.6,0.6875,0.375,11.5,0.843284273868,0.343284273868,1.68287061554,1,15.0,13.0,13.0,15.0,13.0,13.0,13.0
8261,10/13/2013,Jacksonville Jaguars,19,Denver Broncos,35,26.5,52.0,2013,1,0,1,1,6,1.0,0.0,1.0,0.0,0.8125,0.125,26.5,0.987155756511,0.487155756511,4.34193210154,1,16.0,16.0,16.0,16.0,16.0,16.0,16.0
8272,10/20/2013,Chicago Bears,41,Washington Redskins,45,-1.0,48.0,2013,0,0,1,0,7,0.333333333333,0.666666666667,0.666666666667,0.333333333333,0.625,0.625,1.0,0.593243342428,0.0932433424278,0.377389559359,0,2.0,4.0,4.0,0.0,0.0,0.0,0.0
8270,10/20/2013,Cincinnati Bengals,27,Detroit Lions,24,1.5,46.0,2013,1,0,0,0,7,0.666666666667,0.666666666667,0.666666666667,0.666666666667,0.25,0.625,1.5,0.609559986894,0.109559986894,0.445463022049,0,3.0,6.0,6.0,0.0,0.0,0.0,0.0
8273,10/20/2013,Dallas Cowboys,17,Philadelphia Eagles,3,2.5,55.0,2013,1,1,0,0,7,0.5,0.5,0.5,0.5,0.25,0.5,2.5,0.655359701265,0.155359701265,0.642682986367,0,4.0,7.0,7.0,0.0,0.0,0.0,0.0
8278,10/20/2013,Baltimore Ravens,16,Pittsburgh Steelers,19,2.5,41.0,2013,1,1,1,1,7,0.333333333333,0.5,0.333333333333,0.5,0.5,0.625,2.5,0.606858455375,0.106858455375,0.434125865209,1,5.0,5.0,5.0,5.0,5.0,5.0,5.0
8267,10/20/2013,New England Patriots,27,New York Jets,30,-3.0,43.0,2013,0,1,1,0,7,0.5,0.833333333333,0.833333333333,0.5,0.75,0.375,3.0,0.672188410486,0.172188410486,0.718099652847,0,6.0,8.0,8.0,0.0,0.0,0.0,0.0
8276,10/20/2013,San Francisco 49ers,31,Tennessee Titans,17,-3.0,40.5,2013,0,0,0,1,7,0.5,0.666666666667,0.666666666667,0.5,0.6875,0.375,3.0,0.536402748324,0.0364027483245,0.145869091817,1,7.0,2.0,2.0,7.0,2.0,2.0,2.0
8280,10/21/2013,Minnesota Vikings,7,New York Giants,23,3.5,47.0,2013,1,0,1,1,7,0.0,0.166666666667,0.0,0.166666666667,0.5625,0.625,3.5,0.541903422017,0.0419034220171,0.168007766559,1,8.0,3.0,3.0,8.0,3.0,3.0,3.0
8266,10/17/2013,Seattle Seahawks,34,Arizona Cardinals,22,-4.5,41.5,2013,0,1,0,1,7,0.5,0.833333333333,0.833333333333,0.5,0.6875,0.3125,4.5,0.694282491977,0.194282491977,0.820217427474,1,9.0,11.0,11.0,9.0,11.0,11.0,11.0
8279,10/20/2013,Denver Broncos,33,Indianapolis Colts,39,-6.0,55.5,2013,0,0,1,0,7,0.666666666667,1.0,1.0,0.666666666667,0.8125,0.6875,6.0,0.744460209386,0.244460209386,1.06928127083,0,10.0,12.0,12.0,0.0,0.0,0.0,0.0
8269,10/20/2013,Houston Texans,16,Kansas City Chiefs,17,6.0,39.0,2013,1,0,1,1,7,1.0,0.333333333333,1.0,0.333333333333,0.125,0.75,6.0,0.894368948832,0.394368948832,2.13616601128,1,11.0,16.0,16.0,11.0,16.0,16.0,16.0
8275,10/20/2013,Tampa Bay Buccaneers,23,Atlanta Falcons,31,6.5,43.0,2013,1,1,1,1,7,0.333333333333,0.0,0.333333333333,0.0,0.8125,0.4375,6.5,0.817277479448,0.317277479448,1.49800994834,1,12.0,15.0,15.0,12.0,15.0,15.0,15.0
8271,10/20/2013,Buffalo Bills,23,Miami Dolphins,21,6.5,44.5,2013,1,1,0,0,7,0.5,0.333333333333,0.5,0.333333333333,0.4375,0.375,6.5,0.773650565072,0.273650565072,1.22904032791,0,13.0,13.0,13.0,0.0,0.0,0.0,0.0
8274,10/20/2013,St Louis Rams,15,Carolina Panthers,30,7.0,42.0,2013,1,0,1,1,7,0.5,0.5,0.5,0.5,0.4375,0.4375,7.0,0.694214598038,0.194214598038,0.819897576634,1,14.0,10.0,10.0,14.0,10.0,10.0,10.0
8268,10/20/2013,San Diego Chargers,24,Jacksonville Jaguars,6,-7.0,44.5,2013,0,0,0,1,7,0.0,0.5,0.5,0.0,0.4375,0.125,7.0,0.690595671666,0.190595671666,0.802905589953,1,15.0,9.0,9.0,15.0,9.0,9.0,9.0
8277,10/20/2013,Cleveland Browns,13,Green Bay Packers,31,9.5,45.0,2013,1,0,1,1,7,0.666666666667,0.5,0.666666666667,0.5,0.6875,0.3125,9.5,0.789237337522,0.289237337522,1.32033440562,1,16.0,14.0,14.0,16.0,14.0,14.0,14.0
8289,10/27/2013,Pittsburgh Steelers,18,Oakland Raiders,21,-2.5,40.5,2013,0,0,1,0,8,0.428571428571,0.285714285714,0.285714285714,0.428571428571,0.5,0.25,2.5,0.34488685687,0.15511314313,-0.641591546177,1,4.0,4.0,5.0,0.0,0.0,4.0,5.0
8291,10/27/2013,Atlanta Falcons,13,Arizona Cardinals,27,3.0,46.5,2013,1,0,1,1,8,0.428571428571,0.285714285714,0.428571428571,0.285714285714,0.3125,0.8125,3.0,0.7024185195,0.2024185195,0.858841336484,1,5.0,7.0,7.0,5.0,7.0,7.0,7.0
8283,10/27/2013,Dallas Cowboys,30,Detroit Lions,31,3.0,50.5,2013,1,0,1,1,8,0.571428571429,0.571428571429,0.571428571429,0.571428571429,0.25,0.5,3.0,0.61268523255,0.11268523255,0.458613602168,1,6.0,5.0,4.0,6.0,5.0,5.0,4.0
8288,10/27/2013,New York Jets,9,Cincinnati Bengals,49,4.5,41.5,2013,1,0,1,1,8,0.714285714286,0.571428571429,0.714285714286,0.571428571429,0.625,0.375,4.5,0.694506449723,0.194506449723,0.821272782642,1,7.0,6.0,6.0,7.0,6.0,6.0,6.0
8287,10/27/2013,Miami Dolphins,17,New England Patriots,27,5.5,45.0,2013,1,1,1,1,8,0.714285714286,0.428571428571,0.714285714286,0.428571428571,0.75,0.4375,5.5,0.809534789691,0.309534789691,1.44699019412,1,8.0,10.0,10.0,8.0,10.0,10.0,10.0
8284,10/27/2013,New York Giants,15,Philadelphia Eagles,7,5.5,49.5,2013,1,1,0,0,8,0.428571428571,0.142857142857,0.428571428571,0.142857142857,0.25,0.5625,5.5,0.801319844679,0.301319844679,1.39456390208,0,9.0,9.0,9.0,0.0,0.0,0.0,0.0
8281,10/24/2013,Carolina Panthers,31,Tampa Bay Buccaneers,13,-6.5,38.5,2013,0,1,0,1,8,0.0,0.571428571429,0.571428571429,0.0,0.4375,0.4375,6.5,0.794643177129,0.294643177129,1.35314411468,1,10.0,8.0,8.0,10.0,8.0,8.0,8.0
8285,10/27/2013,Cleveland Browns,17,Kansas City Chiefs,23,7.0,39.0,2013,1,0,1,1,8,1.0,0.428571428571,1.0,0.428571428571,0.125,0.3125,7.0,0.853045175907,0.353045175907,1.75868728684,1,11.0,12.0,12.0,11.0,12.0,12.0,12.0
8292,10/27/2013,Green Bay Packers,44,Minnesota Vikings,31,-7.5,47.0,2013,0,1,0,1,8,0.142857142857,0.714285714286,0.714285714286,0.142857142857,0.6875,0.625,7.5,0.840735562137,0.340735562137,1.66371122591,1,12.0,11.0,11.0,12.0,11.0,11.0,11.0
8286,10/27/2013,Buffalo Bills,17,New Orleans Saints,35,10.5,48.0,2013,1,0,1,1,8,0.857142857143,0.428571428571,0.857142857143,0.428571428571,0.4375,0.375,10.5,0.871080736669,0.371080736669,1.91054832401,1,13.0,13.0,13.0,13.0,13.0,13.0,13.0
8290,10/27/2013,Washington Redskins,21,Denver Broncos,45,11.0,58.0,2013,1,0,1,1,8,0.857142857143,0.285714285714,0.857142857143,0.285714285714,0.8125,0.625,11.0,0.91625643979,0.41625643979,2.39253700686,1,14.0,16.0,16.0,14.0,16.0,16.0,16.0
8293,10/28/2013,Seattle Seahawks,14,St Louis Rams,9,-13.0,43.5,2013,0,1,0,1,8,0.428571428571,0.857142857143,0.857142857143,0.428571428571,0.6875,0.4375,13.0,0.871995228744,0.371995228744,1.9187164136,1,15.0,14.0,14.0,15.0,14.0,14.0,14.0
8282,10/27/2013,San Francisco 49ers,42,Jacksonville Jaguars,10,-14.5,40.0,2013,0,0,0,1,8,0.0,0.714285714286,0.714285714286,0.0,0.6875,0.125,14.5,0.878835037361,0.378835037361,1.98144426456,1,16.0,15.0,15.0,16.0,15.0,15.0,15.0
8300,11/03/2013,San Diego Chargers,24,Washington Redskins,30,0.0,48.5,2013,0,0,1,0,9,0.375,0.5,0.5,0.375,0.4375,0.625,0.0,0.463388922843,0.0366110771571,-0.146706873389,0,4.0,5.0,6.0,0.0,0.0,0.0,0.0
8303,11/03/2013,Baltimore Ravens,18,Cleveland Browns,24,-1.0,42.0,2013,0,1,1,0,9,0.375,0.375,0.375,0.375,0.625,0.3125,1.0,0.437932467658,0.0620675323416,-0.249557291923,1,5.0,4.0,7.0,0.0,0.0,4.0,7.0
8305,11/03/2013,Indianapolis Colts,27,Houston Texans,24,-1.0,44.0,2013,0,1,0,1,9,0.25,0.75,0.75,0.25,0.6875,0.75,1.0,0.728043126409,0.228043126409,0.984716785263,1,6.0,10.0,10.0,6.0,10.0,10.0,10.0
8301,11/03/2013,Philadelphia Eagles,49,Oakland Raiders,20,1.0,45.5,2013,1,0,0,0,9,0.375,0.375,0.375,0.375,0.25,0.25,1.0,0.496754714442,0.00324528555762,-0.0129813245228,1,7.0,6.0,4.0,0.0,0.0,6.0,4.0
8294,10/31/2013,Cincinnati Bengals,20,Miami Dolphins,22,-3.0,42.0,2013,0,0,1,0,9,0.5,0.75,0.75,0.5,0.625,0.4375,3.0,0.579541672646,0.0795416726461,0.320892199681,0,8.0,8.0,8.0,0.0,0.0,0.0,0.0
8298,11/03/2013,Tennessee Titans,28,St Louis Rams,21,-3.0,40.5,2013,0,0,0,1,9,0.375,0.5,0.5,0.375,0.375,0.4375,3.0,0.504142622296,0.0041426222957,0.0165708683603,1,9.0,7.0,5.0,9.0,7.0,7.0,5.0
8299,11/03/2013,Kansas City Chiefs,23,Buffalo Bills,13,-4.5,41.0,2013,0,0,0,1,9,0.375,1.0,1.0,0.375,0.125,0.375,4.5,0.742845369528,0.242845369528,1.06081032773,1,10.0,11.0,11.0,10.0,11.0,11.0,11.0
8304,11/03/2013,Pittsburgh Steelers,31,New England Patriots,55,5.5,43.0,2013,1,0,1,1,9,0.75,0.25,0.75,0.25,0.75,0.5,5.5,0.82846421325,0.32846421325,1.57478172737,1,11.0,13.0,13.0,11.0,13.0,13.0,13.0
8297,11/03/2013,New Orleans Saints,20,New York Jets,26,-5.5,46.0,2013,0,0,1,0,9,0.5,0.75,0.75,0.5,0.4375,0.375,5.5,0.626036697117,0.126036697117,0.515251319006,0,12.0,9.0,9.0,0.0,0.0,0.0,0.0
8295,11/03/2013,Atlanta Falcons,10,Carolina Panthers,34,8.0,47.0,2013,1,1,1,1,9,0.625,0.25,0.625,0.25,0.4375,0.8125,8.0,0.885283008563,0.385283008563,2.04343922634,1,13.0,15.0,15.0,13.0,15.0,15.0,15.0
8296,11/03/2013,Minnesota Vikings,23,Dallas Cowboys,27,8.5,50.5,2013,1,0,1,1,9,0.5,0.125,0.5,0.125,0.5,0.625,8.5,0.841149856144,0.341149856144,1.66680856582,1,14.0,14.0,14.0,14.0,14.0,14.0,14.0
8306,11/04/2013,Chicago Bears,27,Green Bay Packers,20,9.5,50.5,2013,1,1,0,0,9,0.625,0.625,0.625,0.625,0.6875,0.625,9.5,0.817543112208,0.317543112208,1.49978972419,0,15.0,12.0,12.0,0.0,0.0,0.0,0.0
8302,11/03/2013,Tampa Bay Buccaneers,24,Seattle Seahawks,27,14.5,40.5,2013,1,0,1,1,9,0.875,0.0,0.875,0.0,0.6875,0.4375,14.5,0.955374880755,0.455374880755,3.06380689649,1,16.0,16.0,16.0,16.0,16.0,16.0,16.0
8309,11/10/2013,Philadelphia Eagles,27,Green Bay Packers,13,-1.0,47.0,2013,0,0,0,1,10,0.555555555556,0.444444444444,0.444444444444,0.555555555556,0.25,0.6875,1.0,0.398742465391,0.101257534609,-0.410707594568,0,3.0,3.0,8.0,3.0,3.0,0.0,0.0
8307,11/07/2013,Washington Redskins,27,Minnesota Vikings,34,-1.0,48.0,2013,0,0,1,0,10,0.222222222222,0.333333333333,0.333333333333,0.222222222222,0.625,0.625,1.0,0.468335098649,0.031664901351,-0.126829343753,1,4.0,4.0,3.0,0.0,0.0,4.0,3.0
8315,11/10/2013,Detroit Lions,21,Chicago Bears,19,-1.5,52.0,2013,0,1,0,1,10,0.555555555556,0.666666666667,0.666666666667,0.555555555556,0.25,0.625,1.5,0.566656759746,0.0666567597464,0.268223641779,1,5.0,7.0,6.0,5.0,7.0,7.0,6.0
8314,11/10/2013,Cincinnati Bengals,17,Baltimore Ravens,20,2.0,43.5,2013,1,1,1,1,10,0.444444444444,0.666666666667,0.444444444444,0.666666666667,0.625,0.625,2.0,0.576975174155,0.0769751741546,0.310368372588,1,6.0,8.0,7.0,6.0,8.0,8.0,7.0
8310,11/10/2013,Buffalo Bills,10,Pittsburgh Steelers,23,2.5,43.0,2013,1,0,1,1,10,0.333333333333,0.333333333333,0.333333333333,0.333333333333,0.5,0.375,2.5,0.555173251593,0.0551732515926,0.221595353128,1,7.0,5.0,4.0,7.0,5.0,5.0,4.0
8320,11/11/2013,Miami Dolphins,19,Tampa Bay Buccaneers,22,-2.5,39.5,2013,0,0,1,0,10,0.111111111111,0.444444444444,0.444444444444,0.111111111111,0.4375,0.4375,2.5,0.564213013131,0.0642130131313,0.258278301315,0,8.0,6.0,5.0,0.0,0.0,0.0,0.0
8313,11/10/2013,Seattle Seahawks,33,Atlanta Falcons,10,-3.0,47.0,2013,0,0,0,1,10,0.222222222222,0.888888888889,0.888888888889,0.222222222222,0.6875,0.8125,3.0,0.782577253369,0.282577253369,1.28074904436,1,9.0,13.0,13.0,9.0,13.0,13.0,13.0
8317,11/10/2013,Houston Texans,24,Arizona Cardinals,27,3.5,42.0,2013,1,0,1,1,10,0.555555555556,0.222222222222,0.555555555556,0.222222222222,0.3125,0.75,3.5,0.764842398792,0.264842398792,1.17941386515,1,10.0,12.0,12.0,10.0,12.0,12.0,12.0
8319,11/10/2013,Dallas Cowboys,17,New Orleans Saints,49,5.5,53.5,2013,1,0,1,1,10,0.777777777778,0.555555555556,0.777777777778,0.555555555556,0.4375,0.5,5.5,0.754123537558,0.254123537558,1.1207269729,1,11.0,11.0,11.0,11.0,11.0,11.0,11.0
8316,11/10/2013,Carolina Panthers,10,San Francisco 49ers,9,5.5,42.5,2013,1,0,0,0,10,0.666666666667,0.666666666667,0.666666666667,0.666666666667,0.6875,0.4375,5.5,0.670434328859,0.170434328859,0.710150114869,0,12.0,10.0,10.0,0.0,0.0,0.0,0.0
8312,11/10/2013,St Louis Rams,38,Indianapolis Colts,8,7.0,43.0,2013,1,0,0,0,10,0.666666666667,0.333333333333,0.666666666667,0.333333333333,0.6875,0.4375,7.0,0.798416034486,0.298416034486,1.37642381118,0,13.0,15.0,15.0,0.0,0.0,0.0,0.0
8311,11/10/2013,Oakland Raiders,20,New York Giants,24,7.0,41.0,2013,1,0,1,1,10,0.333333333333,0.333333333333,0.333333333333,0.333333333333,0.5625,0.25,7.0,0.64393266568,0.14393266568,0.592474309927,1,14.0,9.0,9.0,14.0,9.0,9.0,9.0
8318,11/10/2013,Denver Broncos,28,San Diego Chargers,20,-7.0,57.0,2013,0,1,0,1,10,0.444444444444,0.888888888889,0.888888888889,0.444444444444,0.8125,0.4375,7.0,0.79068687917,0.29068687917,1.32907071841,1,15.0,14.0,14.0,15.0,14.0,14.0,14.0
8308,11/10/2013,Jacksonville Jaguars,29,Tennessee Titans,27,11.5,42.0,2013,1,1,0,0,10,0.444444444444,0.111111111111,0.444444444444,0.111111111111,0.375,0.125,11.5,0.851735553589,0.351735553589,1.74827861613,0,16.0,16.0,16.0,0.0,0.0,0.0,0.0
8323,11/17/2013,New York Jets,14,Buffalo Bills,37,-2.0,39.5,2013,0,1,1,0,11,0.3,0.5,0.5,0.3,0.375,0.375,2.0,0.551882725579,0.0518827255791,0.208280598625,0,2.0,4.0,3.0,0.0,0.0,0.0,0.0
8322,11/17/2013,Atlanta Falcons,28,Tampa Bay Buccaneers,41,2.0,43.5,2013,1,1,1,1,11,0.2,0.2,0.2,0.2,0.4375,0.8125,2.0,0.662031230784,0.162031230784,0.672359238793,1,3.0,9.0,9.0,3.0,9.0,9.0,9.0
8335,11/18/2013,New England Patriots,20,Carolina Panthers,24,3.0,45.5,2013,1,0,1,1,11,0.7,0.7,0.7,0.7,0.4375,0.75,3.0,0.660427387125,0.160427387125,0.665199375755,1,4.0,8.0,8.0,4.0,8.0,8.0,8.0
8326,11/17/2013,San Diego Chargers,16,Miami Dolphins,20,-3.0,44.5,2013,0,0,1,0,11,0.5,0.4,0.4,0.5,0.4375,0.4375,3.0,0.404212356844,0.0957876431564,-0.387943924531,1,5.0,2.0,5.0,0.0,0.0,2.0,5.0
8334,11/17/2013,Green Bay Packers,13,New York Giants,27,3.0,40.5,2013,1,0,1,1,11,0.4,0.5,0.4,0.5,0.5625,0.6875,3.0,0.589877815245,0.0898778152451,0.363460295749,1,6.0,5.0,4.0,6.0,5.0,5.0,4.0
8324,11/17/2013,Detroit Lions,27,Pittsburgh Steelers,37,-3.0,45.0,2013,0,0,1,0,11,0.4,0.6,0.6,0.4,0.25,0.5,3.0,0.544934192674,0.0449341926739,0.180223000007,0,7.0,3.0,2.0,0.0,0.0,0.0,0.0
8321,11/14/2013,Indianapolis Colts,30,Tennessee Titans,27,-3.0,42.0,2013,0,1,0,1,11,0.4,0.7,0.7,0.4,0.6875,0.375,3.0,0.636889865442,0.136889865442,0.561890555695,1,8.0,6.0,6.0,8.0,6.0,6.0,6.0
8327,11/17/2013,Baltimore Ravens,20,Chicago Bears,23,3.5,41.0,2013,1,0,1,1,11,0.6,0.4,0.6,0.4,0.625,0.625,3.5,0.712994632135,0.212994632135,0.909972972877,1,9.0,10.0,10.0,9.0,10.0,10.0,10.0
8333,11/17/2013,San Francisco 49ers,20,New Orleans Saints,23,3.5,49.5,2013,1,0,1,1,11,0.8,0.6,0.8,0.6,0.4375,0.6875,3.5,0.734143146288,0.234143146288,1.0157460118,1,10.0,12.0,12.0,10.0,12.0,12.0,12.0
8325,11/17/2013,Washington Redskins,16,Philadelphia Eagles,24,4.0,54.0,2013,1,1,1,1,11,0.5,0.3,0.5,0.3,0.25,0.625,4.0,0.758443976629,0.258443976629,1.1441675083,1,11.0,15.0,15.0,11.0,15.0,15.0,15.0
8328,11/17/2013,Cleveland Browns,20,Cincinnati Bengals,41,4.5,40.0,2013,1,1,1,1,11,0.6,0.4,0.6,0.4,0.625,0.3125,4.5,0.737312644924,0.237312644924,1.03204745409,1,12.0,14.0,14.0,12.0,14.0,14.0,14.0
8331,11/17/2013,Kansas City Chiefs,17,Denver Broncos,27,7.5,49.0,2013,1,1,1,1,11,0.9,0.9,0.9,0.9,0.8125,0.125,7.5,0.734442517531,0.234442517531,1.01728040815,1,13.0,13.0,13.0,13.0,13.0,13.0,13.0
8330,11/17/2013,Arizona Cardinals,27,Jacksonville Jaguars,14,-9.0,40.5,2013,0,0,0,1,11,0.1,0.6,0.6,0.1,0.3125,0.125,9.0,0.727765105868,0.227765105868,0.983313064367,1,14.0,11.0,11.0,14.0,11.0,11.0,11.0
8329,11/17/2013,Oakland Raiders,28,Houston Texans,23,10.5,40.5,2013,1,0,0,0,11,0.2,0.4,0.2,0.4,0.75,0.25,10.5,0.643833374663,0.143833374663,0.592041287581,0,15.0,7.0,7.0,0.0,0.0,0.0,0.0
8332,11/17/2013,Minnesota Vikings,20,Seattle Seahawks,41,13.0,45.0,2013,1,0,1,1,11,0.9,0.2,0.9,0.2,0.6875,0.625,13.0,0.940618620648,0.440618620648,2.76255706757,1,16.0,16.0,16.0,16.0,16.0,16.0,16.0
8343,11/24/2013,Chicago Bears,21,St Louis Rams,42,1.5,45.0,2013,1,0,1,1,12,0.454545454545,0.545454545455,0.454545454545,0.545454545455,0.4375,0.625,1.5,0.544249693763,0.0442496937633,0.177463051939,1,3.0,4.0,3.0,3.0,4.0,4.0,3.0
8342,11/24/2013,Pittsburgh Steelers,27,Cleveland Browns,11,2.0,39.0,2013,1,1,0,0,12,0.363636363636,0.454545454545,0.363636363636,0.454545454545,0.3125,0.5,2.0,0.58480829888,0.0848082988798,0.342543755322,0,4.0,7.0,7.0,0.0,0.0,0.0,0.0
8345,11/24/2013,Tennessee Titans,23,Oakland Raiders,19,-2.0,42.0,2013,0,0,0,1,12,0.363636363636,0.454545454545,0.454545454545,0.363636363636,0.375,0.25,2.0,0.418362920341,0.0816370796587,-0.329497392446,0,5.0,3.0,6.0,5.0,3.0,0.0,0.0
8348,11/24/2013,Denver Broncos,31,New England Patriots,34,-2.5,53.0,2013,0,0,1,0,12,0.727272727273,0.818181818182,0.818181818182,0.727272727273,0.8125,0.75,2.5,0.563330258842,0.0633302588423,0.254688893236,0,6.0,5.0,4.0,0.0,0.0,0.0,0.0
8347,11/24/2013,Dallas Cowboys,24,New York Giants,21,2.5,44.0,2013,1,1,0,0,12,0.363636363636,0.545454545455,0.363636363636,0.545454545455,0.5625,0.5,2.5,0.5676115436,0.0676115436,0.272112893809,0,7.0,6.0,5.0,0.0,0.0,0.0,0.0
8346,11/24/2013,Indianapolis Colts,11,Arizona Cardinals,40,3.0,44.5,2013,1,0,1,1,12,0.636363636364,0.636363636364,0.636363636364,0.636363636364,0.3125,0.6875,3.0,0.639644710409,0.139644710409,0.573822421921,1,8.0,10.0,10.0,8.0,10.0,10.0,10.0
8340,11/24/2013,San Diego Chargers,41,Kansas City Chiefs,38,3.0,42.5,2013,1,1,0,0,12,0.818181818182,0.454545454545,0.818181818182,0.454545454545,0.125,0.4375,3.0,0.777944804805,0.277944804805,1.2537295987,0,9.0,14.0,14.0,0.0,0.0,0.0,0.0
8344,11/24/2013,New York Jets,3,Baltimore Ravens,19,3.5,38.5,2013,1,0,1,1,12,0.454545454545,0.454545454545,0.454545454545,0.454545454545,0.625,0.375,3.5,0.587193286268,0.0871932862678,0.352374565846,1,10.0,8.0,8.0,10.0,8.0,8.0,8.0
8341,11/24/2013,Carolina Panthers,20,Miami Dolphins,16,-4.0,40.5,2013,0,0,0,1,12,0.454545454545,0.727272727273,0.727272727273,0.454545454545,0.4375,0.4375,4.0,0.597977613478,0.0979776134781,0.397045542661,1,11.0,9.0,9.0,11.0,9.0,9.0,9.0
8349,11/25/2013,San Francisco 49ers,27,Washington Redskins,6,-5.0,47.0,2013,0,0,0,1,12,0.272727272727,0.636363636364,0.636363636364,0.272727272727,0.6875,0.625,5.0,0.681561087951,0.181561087951,0.760955226898,1,12.0,11.0,11.0,12.0,11.0,11.0,11.0
8339,11/24/2013,Minnesota Vikings,26,Green Bay Packers,26,5.5,44.5,2013,1,1,0,0,12,0.454545454545,0.181818181818,0.454545454545,0.181818181818,0.6875,0.625,5.5,0.804117674052,0.304117674052,1.41223151812,0,13.0,15.0,15.0,0.0,0.0,0.0,0.0
8336,11/21/2013,New Orleans Saints,17,Atlanta Falcons,13,-7.0,52.5,2013,0,1,0,1,12,0.181818181818,0.818181818182,0.818181818182,0.181818181818,0.4375,0.8125,7.0,0.860454021161,0.360454021161,1.81906603716,1,14.0,16.0,16.0,14.0,16.0,16.0,16.0
8337,11/24/2013,Tampa Bay Buccaneers,24,Detroit Lions,21,7.0,48.0,2013,1,0,0,0,12,0.545454545455,0.272727272727,0.545454545455,0.272727272727,0.25,0.4375,7.0,0.764895444028,0.264895444028,1.17970881578,0,15.0,13.0,13.0,0.0,0.0,0.0,0.0
8338,11/24/2013,Jacksonville Jaguars,13,Houston Texans,6,10.0,43.5,2013,1,1,0,0,12,0.181818181818,0.181818181818,0.181818181818,0.181818181818,0.75,0.125,10.0,0.728590793114,0.228590793114,0.987484577583,0,16.0,12.0,12.0,0.0,0.0,0.0,0.0
8357,12/01/2013,Chicago Bears,20,Minnesota Vikings,23,1.0,50.5,2013,1,1,1,1,13,0.25,0.5,0.25,0.5,0.625,0.625,1.0,0.513930876288,0.0139308762876,0.0557379308332,1,1.0,1.0,1.0,1.0,1.0,1.0,1.0
8364,12/01/2013,New York Giants,24,Washington Redskins,17,1.0,44.5,2013,1,1,0,0,13,0.25,0.416666666667,0.25,0.416666666667,0.625,0.5625,1.0,0.534572072124,0.0345720721244,0.13850930425,0,2.0,3.0,3.0,0.0,0.0,0.0,0.0
8363,12/01/2013,Cincinnati Bengals,17,San Diego Chargers,10,-1.5,48.5,2013,0,0,0,1,13,0.416666666667,0.666666666667,0.666666666667,0.416666666667,0.625,0.4375,1.5,0.521694281981,0.0216942819808,0.0868316441146,1,3.0,2.0,2.0,3.0,2.0,2.0,2.0
8359,12/01/2013,Miami Dolphins,23,New York Jets,3,2.0,40.5,2013,1,1,0,0,13,0.416666666667,0.5,0.416666666667,0.5,0.375,0.4375,2.0,0.579395450732,0.0793954507324,0.320292154269,0,4.0,5.0,5.0,0.0,0.0,0.0,0.0
8352,11/28/2013,Pittsburgh Steelers,20,Baltimore Ravens,22,3.0,40.5,2013,1,1,1,1,13,0.5,0.416666666667,0.5,0.416666666667,0.625,0.5,3.0,0.68445164648,0.18445164648,0.774306071386,1,5.0,8.0,8.0,5.0,8.0,8.0,8.0
8353,12/01/2013,Tennessee Titans,14,Indianapolis Colts,22,3.5,46.0,2013,1,1,1,1,13,0.666666666667,0.416666666667,0.666666666667,0.416666666667,0.6875,0.375,3.5,0.742167585294,0.242167585294,1.05726525539,1,6.0,11.0,11.0,6.0,11.0,11.0,11.0
8358,12/01/2013,Arizona Cardinals,21,Philadelphia Eagles,24,3.5,48.5,2013,1,0,1,1,13,0.583333333333,0.583333333333,0.583333333333,0.583333333333,0.25,0.3125,3.5,0.577757272069,0.0777572720689,0.313573502602,1,7.0,4.0,4.0,7.0,4.0,4.0,4.0
8360,12/01/2013,Atlanta Falcons,34,Buffalo Bills,31,4.5,48.5,2013,1,0,0,0,13,0.333333333333,0.25,0.333333333333,0.25,0.375,0.8125,4.5,0.695440689556,0.195440689556,0.825679882343,0,8.0,9.0,9.0,0.0,0.0,0.0,0.0
8365,12/02/2013,New Orleans Saints,7,Seattle Seahawks,34,5.0,47.5,2013,1,0,1,1,13,0.916666666667,0.75,0.916666666667,0.75,0.6875,0.4375,5.0,0.72532608127,0.22532608127,0.971036676971,1,9.0,10.0,10.0,9.0,10.0,10.0,10.0
8350,11/28/2013,Green Bay Packers,10,Detroit Lions,40,6.0,48.5,2013,1,1,1,1,13,0.583333333333,0.416666666667,0.583333333333,0.416666666667,0.25,0.6875,6.0,0.793707720339,0.293707720339,1.34742128657,1,10.0,13.0,13.0,10.0,13.0,13.0,13.0
8354,12/01/2013,Denver Broncos,35,Kansas City Chiefs,28,-6.0,50.0,2013,0,1,0,1,13,0.75,0.833333333333,0.833333333333,0.75,0.8125,0.125,6.0,0.594806069425,0.0948060694248,0.383869625253,1,11.0,6.0,6.0,11.0,6.0,6.0,6.0
8356,12/01/2013,Tampa Bay Buccaneers,6,Carolina Panthers,27,6.5,40.5,2013,1,1,1,1,13,0.75,0.25,0.75,0.25,0.4375,0.4375,6.5,0.858798982195,0.358798982195,1.80535034758,1,12.0,16.0,16.0,12.0,16.0,16.0,16.0
8362,12/01/2013,New England Patriots,34,Houston Texans,31,-6.5,47.5,2013,0,0,0,1,13,0.166666666667,0.75,0.75,0.166666666667,0.75,0.75,6.5,0.798615455856,0.298615455856,1.37766331288,1,13.0,14.0,14.0,13.0,14.0,14.0,14.0
8355,12/01/2013,Jacksonville Jaguars,32,Cleveland Browns,28,7.5,39.0,2013,1,0,0,0,13,0.333333333333,0.25,0.333333333333,0.25,0.3125,0.125,7.5,0.651033834485,0.151033834485,0.6235866434,0,14.0,7.0,7.0,0.0,0.0,0.0,0.0
8361,12/01/2013,St Louis Rams,13,San Francisco 49ers,23,7.5,40.0,2013,1,1,1,1,13,0.666666666667,0.416666666667,0.666666666667,0.416666666667,0.6875,0.4375,7.5,0.819003479862,0.319003479862,1.50961052743,1,15.0,15.0,15.0,15.0,15.0,15.0,15.0
8351,11/28/2013,Oakland Raiders,24,Dallas Cowboys,31,8.0,48.0,2013,1,0,1,1,13,0.583333333333,0.333333333333,0.583333333333,0.333333333333,0.5,0.25,8.0,0.755763737534,0.255763737534,1.12959276525,1,16.0,12.0,12.0,16.0,12.0,12.0,12.0
8381,12/09/2013,Dallas Cowboys,28,Chicago Bears,45,1.5,49.5,2013,1,0,1,1,14,0.538461538462,0.538461538462,0.538461538462,0.538461538462,0.625,0.5,1.5,0.561245709183,0.0612457091827,0.246219239545,1,1.0,5.0,4.0,1.0,5.0,5.0,4.0
8373,12/08/2013,Detroit Lions,20,Philadelphia Eagles,34,2.0,53.5,2013,1,0,1,1,14,0.615384615385,0.538461538462,0.615384615385,0.538461538462,0.25,0.25,2.0,0.558038180158,0.0580381801578,0.233203885363,1,2.0,4.0,3.0,2.0,4.0,4.0,3.0
8379,12/08/2013,Seattle Seahawks,17,San Francisco 49ers,19,2.0,41.0,2013,1,1,1,1,14,0.692307692308,0.846153846154,0.692307692308,0.846153846154,0.6875,0.6875,2.0,0.624226911304,0.124226911304,0.507528468473,1,3.0,7.0,7.0,3.0,7.0,7.0,7.0
8375,12/08/2013,Buffalo Bills,6,Tampa Bay Buccaneers,27,2.5,42.5,2013,1,0,1,1,14,0.307692307692,0.307692307692,0.307692307692,0.307692307692,0.4375,0.375,2.5,0.539104976349,0.0391049763488,0.156740010617,1,4.0,3.0,2.0,4.0,3.0,3.0,2.0
8372,12/08/2013,Carolina Panthers,13,New Orleans Saints,31,3.0,46.5,2013,1,1,1,1,14,0.769230769231,0.692307692308,0.769230769231,0.692307692308,0.4375,0.4375,3.0,0.688239055513,0.188239055513,0.791899551433,1,5.0,9.0,9.0,5.0,9.0,9.0,9.0
8370,12/08/2013,Oakland Raiders,27,New York Jets,37,3.0,39.5,2013,1,0,1,1,14,0.461538461538,0.307692307692,0.461538461538,0.307692307692,0.375,0.25,3.0,0.600068975972,0.100068975972,0.405752516252,1,6.0,6.0,5.0,6.0,6.0,6.0,5.0
8374,12/08/2013,Miami Dolphins,34,Pittsburgh Steelers,28,3.0,41.0,2013,1,0,0,0,14,0.384615384615,0.538461538462,0.384615384615,0.538461538462,0.5,0.4375,3.0,0.51234470843,0.0123447084298,0.0493888706312,0,7.0,2.0,1.0,0.0,0.0,0.0,0.0
8367,12/08/2013,Kansas City Chiefs,45,Washington Redskins,10,-3.0,44.5,2013,0,0,0,1,14,0.230769230769,0.769230769231,0.769230769231,0.230769230769,0.125,0.625,3.0,0.691825288535,0.191825288535,0.80866658336,1,8.0,10.0,10.0,8.0,10.0,10.0,10.0
8380,12/08/2013,Atlanta Falcons,21,Green Bay Packers,22,3.5,45.0,2013,1,0,1,1,14,0.461538461538,0.230769230769,0.461538461538,0.230769230769,0.6875,0.8125,3.5,0.732973073934,0.232973073934,1.00975946715,1,9.0,11.0,11.0,9.0,11.0,11.0,11.0
8366,12/05/2013,Houston Texans,20,Jacksonville Jaguars,27,-3.5,43.0,2013,0,1,1,0,14,0.307692307692,0.153846153846,0.153846153846,0.307692307692,0.75,0.125,3.5,0.376255478198,0.123744521802,-0.505472488392,1,10.0,1.0,6.0,0.0,0.0,1.0,6.0
8378,12/08/2013,New York Giants,14,San Diego Chargers,37,4.0,46.5,2013,1,0,1,1,14,0.461538461538,0.384615384615,0.461538461538,0.384615384615,0.4375,0.5625,4.0,0.650657115994,0.150657115994,0.621928884359,1,11.0,8.0,8.0,11.0,8.0,8.0,8.0
8377,12/08/2013,St Louis Rams,10,Arizona Cardinals,30,4.5,41.0,2013,1,1,1,1,14,0.615384615385,0.384615384615,0.615384615385,0.384615384615,0.3125,0.4375,4.5,0.753058359904,0.253058359904,1.11499069419,1,12.0,12.0,12.0,12.0,12.0,12.0,12.0
8368,12/08/2013,Minnesota Vikings,26,Baltimore Ravens,29,6.0,41.5,2013,1,0,1,1,14,0.538461538462,0.230769230769,0.538461538462,0.230769230769,0.625,0.625,6.0,0.780626365548,0.280626365548,1.2693202607,1,13.0,14.0,14.0,13.0,14.0,14.0,14.0
8371,12/08/2013,Indianapolis Colts,28,Cincinnati Bengals,42,7.0,43.5,2013,1,0,1,1,14,0.692307692308,0.615384615385,0.692307692308,0.615384615385,0.625,0.6875,7.0,0.753632776221,0.253632776221,1.11808201274,1,14.0,13.0,13.0,14.0,13.0,13.0,13.0
8369,12/08/2013,Cleveland Browns,26,New England Patriots,27,9.5,47.5,2013,1,0,1,1,14,0.769230769231,0.307692307692,0.769230769231,0.307692307692,0.75,0.3125,9.5,0.849286963512,0.349286963512,1.72901952287,1,15.0,15.0,15.0,15.0,15.0,15.0,15.0
8376,12/08/2013,Tennessee Titans,28,Denver Broncos,51,13.5,49.5,2013,1,0,1,1,14,0.846153846154,0.384615384615,0.846153846154,0.384615384615,0.8125,0.375,13.5,0.901555894706,0.401555894706,2.21463311445,1,16.0,16.0,16.0,16.0,16.0,16.0,16.0
8388,12/15/2013,Chicago Bears,38,Cleveland Browns,31,1.0,44.0,2013,1,0,0,0,15,0.285714285714,0.571428571429,0.285714285714,0.571428571429,0.3125,0.625,1.0,0.429548412296,0.0704515877037,-0.283693853411,1,1.0,2.0,2.0,0.0,0.0,2.0,2.0
8396,12/15/2013,Cincinnati Bengals,20,Pittsburgh Steelers,30,-1.5,43.0,2013,0,1,1,0,15,0.428571428571,0.642857142857,0.642857142857,0.428571428571,0.625,0.5,1.5,0.572502547398,0.0725025473984,0.29206885549,0,2.0,4.0,3.0,0.0,0.0,0.0,0.0
8391,12/15/2013,New England Patriots,20,Miami Dolphins,24,2.5,46.5,2013,1,1,1,1,15,0.571428571429,0.714285714286,0.571428571429,0.714285714286,0.4375,0.75,2.5,0.632879447956,0.132879447956,0.544589684639,1,3.0,5.0,5.0,3.0,5.0,5.0,5.0
8385,12/15/2013,Arizona Cardinals,37,Tennessee Titans,34,-3.0,42.5,2013,0,0,0,1,15,0.357142857143,0.642857142857,0.642857142857,0.357142857143,0.3125,0.375,3.0,0.54760335953,0.0476033595295,0.190991910203,1,4.0,3.0,1.0,4.0,3.0,3.0,1.0
8395,12/15/2013,Green Bay Packers,37,Dallas Cowboys,36,4.0,49.5,2013,1,0,0,0,15,0.5,0.5,0.5,0.5,0.5,0.6875,4.0,0.645895156221,0.145895156221,0.601044155586,0,5.0,7.0,7.0,0.0,0.0,0.0,0.0
8390,12/15/2013,Buffalo Bills,27,Jacksonville Jaguars,20,-4.0,43.5,2013,0,0,0,1,15,0.285714285714,0.357142857143,0.357142857143,0.285714285714,0.375,0.125,4.0,0.420272853653,0.0797271463465,-0.321653403615,0,6.0,1.0,4.0,6.0,1.0,0.0,0.0
8384,12/15/2013,San Francisco 49ers,33,Tampa Bay Buccaneers,14,-4.5,41.0,2013,0,0,0,1,15,0.285714285714,0.714285714286,0.714285714286,0.285714285714,0.6875,0.4375,4.5,0.6601920291,0.1601920291,0.664150079299,1,7.0,8.0,8.0,7.0,8.0,8.0,8.0
8383,12/15/2013,Washington Redskins,26,Atlanta Falcons,27,5.5,49.0,2013,1,0,1,1,15,0.285714285714,0.214285714286,0.285714285714,0.214285714286,0.8125,0.625,5.5,0.681786000519,0.181786000519,0.761991715583,1,8.0,11.0,11.0,8.0,11.0,11.0,11.0
8397,12/16/2013,Baltimore Ravens,18,Detroit Lions,16,5.5,49.0,2013,1,0,0,0,15,0.5,0.571428571429,0.5,0.571428571429,0.25,0.625,5.5,0.640820575887,0.140820575887,0.578927452675,0,9.0,6.0,6.0,0.0,0.0,0.0,0.0
8389,12/15/2013,Houston Texans,3,Indianapolis Colts,25,6.0,47.0,2013,1,1,1,1,15,0.642857142857,0.142857142857,0.642857142857,0.142857142857,0.6875,0.75,6.0,0.873982853579,0.373982853579,1.93664277673,1,10.0,16.0,16.0,10.0,16.0,16.0,16.0
8394,12/15/2013,Kansas City Chiefs,56,Oakland Raiders,31,-6.0,44.5,2013,0,1,0,1,15,0.285714285714,0.785714285714,0.785714285714,0.285714285714,0.125,0.25,6.0,0.735476475595,0.235476475595,1.0225883688,1,11.0,12.0,12.0,11.0,12.0,12.0,12.0
8392,12/15/2013,Philadelphia Eagles,30,Minnesota Vikings,48,-7.0,53.0,2013,0,0,1,0,15,0.285714285714,0.571428571429,0.571428571429,0.285714285714,0.25,0.625,7.0,0.67898748932,0.17898748932,0.749122605785,0,12.0,10.0,10.0,0.0,0.0,0.0,0.0
8386,12/15/2013,New Orleans Saints,16,St Louis Rams,27,-7.0,48.0,2013,0,0,1,0,15,0.428571428571,0.714285714286,0.714285714286,0.428571428571,0.4375,0.4375,7.0,0.663577857255,0.163577857255,0.679279441551,0,13.0,9.0,9.0,0.0,0.0,0.0,0.0
8382,12/12/2013,San Diego Chargers,27,Denver Broncos,20,9.5,57.0,2013,1,1,0,0,15,0.785714285714,0.5,0.785714285714,0.5,0.8125,0.4375,9.5,0.857698136824,0.357698136824,1.7963016174,0,14.0,15.0,15.0,0.0,0.0,0.0,0.0
8387,12/15/2013,Seattle Seahawks,23,New York Giants,0,-9.5,43.0,2013,0,0,0,1,15,0.357142857143,0.857142857143,0.857142857143,0.357142857143,0.6875,0.5625,9.5,0.806427087849,0.306427087849,1.42695923936,1,15.0,13.0,13.0,15.0,13.0,13.0,13.0
8393,12/15/2013,New York Jets,20,Carolina Panthers,30,10.0,40.5,2013,1,0,1,1,15,0.714285714286,0.428571428571,0.714285714286,0.428571428571,0.4375,0.375,10.0,0.817261820403,0.317261820403,1.49790509332,1,16.0,14.0,14.0,16.0,14.0,14.0,14.0
8412,12/22/2013,New England Patriots,41,Baltimore Ravens,7,1.5,44.5,2013,1,0,0,0,16,0.533333333333,0.733333333333,0.533333333333,0.733333333333,0.625,0.75,1.5,0.5233397072,0.0233397072002,0.0934267262156,0,1.0,3.0,3.0,0.0,0.0,0.0,0.0
8398,12/22/2013,Miami Dolphins,0,Buffalo Bills,19,-1.5,42.5,2013,0,1,1,0,16,0.4,0.533333333333,0.533333333333,0.4,0.4375,0.375,1.5,0.50212499945,0.00212499944979,0.00850004897675,0,2.0,1.0,1.0,0.0,0.0,0.0,0.0
8403,12/22/2013,Cleveland Browns,13,New York Jets,24,1.5,42.0,2013,1,0,1,1,16,0.466666666667,0.266666666667,0.466666666667,0.266666666667,0.375,0.3125,1.5,0.58580511949,0.0858051194901,0.346650584731,1,3.0,5.0,5.0,3.0,5.0,5.0,5.0
8411,12/22/2013,Pittsburgh Steelers,38,Green Bay Packers,31,2.0,44.5,2013,1,0,0,0,16,0.466666666667,0.466666666667,0.466666666667,0.466666666667,0.6875,0.5,2.0,0.562128301075,0.062128301075,0.24980417493,0,4.0,4.0,4.0,0.0,0.0,0.0,0.0
8400,12/22/2013,Dallas Cowboys,24,Washington Redskins,23,-2.5,52.0,2013,0,1,0,1,16,0.2,0.533333333333,0.533333333333,0.2,0.5,0.625,2.5,0.646989021649,0.146989021649,0.605830169678,1,5.0,7.0,7.0,5.0,7.0,7.0,7.0
8399,12/22/2013,New Orleans Saints,13,Carolina Panthers,17,3.0,44.5,2013,1,1,1,1,16,0.733333333333,0.666666666667,0.733333333333,0.666666666667,0.4375,0.4375,3.0,0.676438843207,0.176438843207,0.737453898412,1,6.0,9.0,9.0,6.0,9.0,9.0,9.0
8402,12/22/2013,Chicago Bears,11,Philadelphia Eagles,54,3.0,55.0,2013,1,0,1,1,16,0.6,0.533333333333,0.6,0.533333333333,0.25,0.625,3.0,0.636931257452,0.136931257452,0.562069543914,1,7.0,6.0,6.0,7.0,6.0,6.0,6.0
8401,12/22/2013,Tampa Bay Buccaneers,13,St Louis Rams,23,3.5,43.0,2013,1,0,1,1,16,0.466666666667,0.266666666667,0.466666666667,0.266666666667,0.4375,0.4375,3.5,0.656118399173,0.156118399173,0.646043844715,1,8.0,8.0,8.0,8.0,8.0,8.0,8.0
8407,12/22/2013,Tennessee Titans,20,Jacksonville Jaguars,16,-4.0,44.0,2013,0,1,0,1,16,0.266666666667,0.4,0.4,0.266666666667,0.375,0.125,4.0,0.506443961433,0.00644396143256,0.0257772729827,1,9.0,2.0,2.0,9.0,2.0,2.0,2.0
8404,12/22/2013,Indianapolis Colts,23,Kansas City Chiefs,7,7.0,46.5,2013,1,0,0,0,16,0.733333333333,0.666666666667,0.733333333333,0.666666666667,0.125,0.6875,7.0,0.741634750701,0.241634750701,1.05448259352,0,10.0,10.0,10.0,0.0,0.0,0.0,0.0
8405,12/22/2013,Minnesota Vikings,14,Cincinnati Bengals,42,7.5,47.5,2013,1,0,1,1,16,0.666666666667,0.266666666667,0.666666666667,0.266666666667,0.625,0.625,7.5,0.830105833424,0.330105833424,1.58637750918,1,11.0,14.0,14.0,11.0,14.0,14.0,14.0
8409,12/22/2013,New York Giants,23,Detroit Lions,20,9.0,48.5,2013,1,0,0,0,16,0.466666666667,0.4,0.466666666667,0.4,0.25,0.5625,9.0,0.745909563755,0.245909563755,1.07691411279,0,12.0,11.0,11.0,0.0,0.0,0.0,0.0
8410,12/22/2013,Oakland Raiders,13,San Diego Chargers,26,9.0,51.0,2013,1,1,1,1,16,0.533333333333,0.266666666667,0.533333333333,0.266666666667,0.4375,0.25,9.0,0.809146034902,0.309146034902,1.44447085866,1,13.0,13.0,13.0,13.0,13.0,13.0,13.0
8408,12/22/2013,Arizona Cardinals,17,Seattle Seahawks,10,9.0,43.0,2013,1,1,0,0,16,0.8,0.666666666667,0.8,0.666666666667,0.6875,0.3125,9.0,0.802576801587,0.302576801587,1.40247791342,0,14.0,12.0,12.0,0.0,0.0,0.0,0.0
8406,12/22/2013,Denver Broncos,37,Houston Texans,13,-9.5,53.5,2013,0,0,0,1,16,0.133333333333,0.8,0.8,0.133333333333,0.8125,0.75,9.5,0.857712340295,0.357712340295,1.79641799449,1,15.0,15.0,15.0,15.0,15.0,15.0,15.0
8413,12/23/2013,Atlanta Falcons,24,San Francisco 49ers,34,14.5,46.0,2013,1,0,1,1,16,0.733333333333,0.266666666667,0.733333333333,0.266666666667,0.6875,0.8125,14.5,0.928726265885,0.428726265885,2.56728616673,1,16.0,16.0,16.0,16.0,16.0,16.0,16.0
8423,12/29/2013,Detroit Lions,13,Minnesota Vikings,14,-2.5,49.5,2013,0,1,1,0,17,0.3125,0.4375,0.4375,0.3125,0.25,0.625,2.5,0.554195920119,0.0541959201192,0.217638697925,0,1.0,2.0,2.0,0.0,0.0,0.0,0.0
8427,12/29/2013,San Francisco 49ers,23,Arizona Cardinals,20,3.0,41.0,2013,1,1,0,0,17,0.625,0.75,0.625,0.75,0.3125,0.6875,3.0,0.637013093924,0.137013093924,0.562423448773,0,2.0,3.0,3.0,0.0,0.0,0.0,0.0
8415,12/29/2013,Green Bay Packers,33,Chicago Bears,28,-3.0,51.5,2013,0,1,0,1,17,0.5,0.5,0.5,0.5,0.6875,0.625,3.0,0.532953289927,0.0329532899268,0.132004509929,1,3.0,1.0,1.0,3.0,1.0,1.0,1.0
8418,12/29/2013,Washington Redskins,6,New York Giants,20,3.5,44.5,2013,1,1,1,1,17,0.4375,0.1875,0.4375,0.1875,0.5625,0.625,3.5,0.749290285194,0.249290285194,1.09483071698,1,4.0,6.0,6.0,4.0,6.0,6.0,6.0
8414,12/29/2013,Carolina Panthers,21,Atlanta Falcons,20,-5.5,46.5,2013,0,1,0,1,17,0.25,0.75,0.75,0.25,0.4375,0.8125,5.5,0.797023666208,0.297023666208,1.36779498252,1,5.0,8.0,8.0,5.0,8.0,8.0,8.0
8416,12/29/2013,Houston Texans,10,Tennessee Titans,16,6.5,44.5,2013,1,1,1,1,17,0.4375,0.125,0.4375,0.125,0.375,0.75,6.5,0.828263533557,0.328263533557,1.573370251,1,6.0,12.0,12.0,6.0,12.0,12.0,12.0
8419,12/29/2013,Baltimore Ravens,17,Cincinnati Bengals,34,7.0,42.5,2013,1,1,1,1,17,0.6875,0.5,0.6875,0.5,0.625,0.625,7.0,0.810283731007,0.310283731007,1.45185483657,1,7.0,9.0,9.0,7.0,9.0,9.0,9.0
8421,12/29/2013,Philadelphia Eagles,24,Dallas Cowboys,22,-7.0,52.5,2013,0,1,0,1,17,0.5,0.625,0.625,0.5,0.25,0.5,7.0,0.657777654356,0.157777654356,0.653406303629,1,8.0,4.0,4.0,8.0,4.0,4.0,4.0
8422,12/29/2013,New York Jets,20,Miami Dolphins,7,7.0,41.0,2013,1,1,0,0,17,0.5,0.5,0.5,0.5,0.4375,0.375,7.0,0.710215367595,0.210215367595,0.896430258475,0,9.0,5.0,5.0,0.0,0.0,0.0,0.0
8424,12/29/2013,Buffalo Bills,20,New England Patriots,34,7.0,46.0,2013,1,1,1,1,17,0.75,0.375,0.75,0.375,0.75,0.375,7.0,0.830727698607,0.330727698607,1.59079339289,1,10.0,13.0,13.0,10.0,13.0,13.0,13.0
8417,12/29/2013,Cleveland Browns,7,Pittsburgh Steelers,20,9.5,44.5,2013,1,1,1,1,17,0.5,0.25,0.5,0.25,0.5,0.3125,9.5,0.816823351543,0.316823351543,1.49497187614,1,11.0,10.0,10.0,11.0,10.0,10.0,10.0
8426,12/29/2013,Denver Broncos,34,Oakland Raiders,14,-10.0,53.5,2013,0,1,0,1,17,0.25,0.8125,0.8125,0.25,0.8125,0.25,10.0,0.826650893796,0.326650893796,1.56207495413,1,12.0,11.0,11.0,12.0,11.0,11.0,11.0
8425,12/29/2013,Tampa Bay Buccaneers,17,New Orleans Saints,42,10.5,46.5,2013,1,1,1,1,17,0.6875,0.25,0.6875,0.25,0.4375,0.4375,10.5,0.885123335132,0.385123335132,2.04186792359,1,13.0,15.0,15.0,13.0,15.0,15.0,15.0
8420,12/29/2013,Jacksonville Jaguars,10,Indianapolis Colts,30,11.5,45.0,2013,1,1,1,1,17,0.6875,0.25,0.6875,0.25,0.6875,0.125,11.5,0.873695228231,0.373695228231,1.93403379585,1,14.0,14.0,14.0,14.0,14.0,14.0,14.0
8429,12/29/2013,St Louis Rams,9,Seattle Seahawks,27,12.5,41.0,2013,1,1,1,1,17,0.8125,0.4375,0.8125,0.4375,0.6875,0.4375,12.5,0.901511104105,0.401511104105,2.21412855014,1,15.0,16.0,16.0,15.0,16.0,16.0,16.0
8428,12/29/2013,Kansas City Chiefs,24,San Diego Chargers,27,14.5,45.0,2013,1,1,1,1,17,0.5625,0.6875,0.5625,0.6875,0.4375,0.125,14.5,0.78697634059,0.28697634059,1.3067949486,1,16.0,7.0,7.0,16.0,7.0,7.0,7.0
